﻿<?xml version="1.0" encoding="utf-8" ?>
<print Id="Print">
	<title>打印小工具</title>
	<leave>请假条</leave>
	<goWork>出工单</goWork>
	<companyName>甘肃联众建筑设计有限责任公司</companyName>
	<departMent>建筑室,结构室,设备室,后勤</departMent>
	<leaveRemak>备注：1.请假人员交送请假条时应监督办公室填写接收时间。
      2.事假、丧假领导签字日期可在请假截止日期之后，但相差不得超过2个工作日，否则视为无效。
      3.请假批准日期与接收时间相差不得超过3个工作日，否则视为无效。
      4.请相关人员完整填写请假条，签字请并注明详细时间。
	</leaveRemak>
	<goWorkRemrk>备注：1.出工人员交送出工单时应监督办公室填写接收时间。
      2.派遣人签字日期与出工截止时间不得相差2个工作日，否则视为无效。
      3.接收时间与派遣人签字时间不得相差3个工作日，否则视为无效。
      4.请相关人员详细填写出工单，并注明详细时间。
	</goWorkRemrk>
</print>